{"cameraMode":{"drawMode":0,"name":"Shaded","section":"Shading Mode"},"sceneLighting":true,"audioPlay":false,"sceneViewState":{"showFog":true,"showMaterialUpdate":false,"showSkybox":true,"showFlares":true,"showImageEffects":true,"showParticleSystems":true},"in2DMode":false,"pivot":{"x":-37.18009948730469,"y":4.559506893157959,"z":40.214752197265628},"rotation":{"x":0.059953395277261737,"y":0.019748909398913385,"z":-0.0011871226597577334,"w":0.998013436794281},"size":0.8056432604789734,"orthographic":false}